Submission_ID,Common_Name,Scientific_Name,Latitude,Longitude,Date,Time,Duration_(Min)
S40183542,Emu,Dromaius novaehollandiae,-32.88533,145.8658833,10-28-2017,10:26:00,NA
S40183549,Emu,Dromaius novaehollandiae,-32.9590235,146.1597276,10-28-2017,11:21:00,13
S40183592,Plumed Whistling-Duck,Dendrocygna eytoni,-33.93996,147.91735,10-28-2017,17:36:00,61
S40183568,Black Swan,Cygnus atratus,-33.3152879,146.3799262,10-28-2017,13:50:00,49
S40183568,Australian Shelduck,Tadorna tadornoides,-33.3152879,146.3799262,10-28-2017,13:50:00,49
S40183580,Maned Duck,Chenonetta jubata,-33.9663108,147.4516658,10-28-2017,16:20:00,NA
S40183568,Australian Shoveler,Spatula rhynchotis,-33.3152879,146.3799262,10-28-2017,13:50:00,49
S40183585,Pacific Black Duck,Anas superciliosa,-33.928477,147.5670719,10-28-2017,16:34:00,27
S40183568,Pacific Black Duck,Anas superciliosa,-33.3152879,146.3799262,10-28-2017,13:50:00,49
S40183567,Pacific Black Duck,Anas superciliosa,-33.2985783,146.3771634,10-28-2017,13:42:00,5
S40183568,Gray Teal,Anas gracilis,-33.3152879,146.3799262,10-28-2017,13:50:00,49
S40183568,Chestnut Teal,Anas castanea,-33.3152879,146.3799262,10-28-2017,13:50:00,49
S40183568,Pink-eared Duck,Malacorhynchus membranaceus,-33.3152879,146.3799262,10-28-2017,13:50:00,49
S40183568,Hardhead,Aythya australis,-33.3152879,146.3799262,10-28-2017,13:50:00,49
S40183568,Australasian Grebe,Tachybaptus novaehollandiae,-33.3152879,146.3799262,10-28-2017,13:50:00,49
S40183568,Hoary-headed Grebe,Poliocephalus poliocephalus,-33.3152879,146.3799262,10-28-2017,13:50:00,49
S40183567,Great Crested Grebe,Podiceps cristatus,-33.2985783,146.3771634,10-28-2017,13:42:00,5
S40183544,Rock Pigeon (Feral Pigeon),Columba livia,-32.839966,145.879422,10-28-2017,10:31:00,7
S40183549,Common Bronzewing,Phaps chalcoptera,-32.9590235,146.1597276,10-28-2017,11:21:00,13
S40183516,Common Bronzewing,Phaps chalcoptera,-32.9415483,145.8327817,10-28-2017,09:38:00,5
S40183597,Common Bronzewing,Phaps chalcoptera,-34.0995453,148.0073619,10-28-2017,19:08:00,11
S40183592,Common Bronzewing,Phaps chalcoptera,-33.93996,147.91735,10-28-2017,17:36:00,61
S40183549,Crested Pigeon,Ocyphaps lophotes,-32.9590235,146.1597276,10-28-2017,11:21:00,13
S40183544,Crested Pigeon,Ocyphaps lophotes,-32.839966,145.879422,10-28-2017,10:31:00,7
S40183547,Crested Pigeon,Ocyphaps lophotes,-32.9657046,146.1612511,10-28-2017,10:59:00,22
S40183568,Crested Pigeon,Ocyphaps lophotes,-33.3152879,146.3799262,10-28-2017,13:50:00,49
S40183592,Crested Pigeon,Ocyphaps lophotes,-33.93996,147.91735,10-28-2017,17:36:00,61
S40183549,Peaceful Dove,Geopelia placida,-32.9590235,146.1597276,10-28-2017,11:21:00,13
S40183547,Peaceful Dove,Geopelia placida,-32.9657046,146.1612511,10-28-2017,10:59:00,22
S40183597,Peaceful Dove,Geopelia placida,-34.0995453,148.0073619,10-28-2017,19:08:00,11
S40183592,Peaceful Dove,Geopelia placida,-33.93996,147.91735,10-28-2017,17:36:00,61
S40183549,Bar-shouldered Dove,Geopelia humeralis,-32.9590235,146.1597276,10-28-2017,11:21:00,13
S40183544,Bar-shouldered Dove,Geopelia humeralis,-32.839966,145.879422,10-28-2017,10:31:00,7
S40183547,Bar-shouldered Dove,Geopelia humeralis,-32.9657046,146.1612511,10-28-2017,10:59:00,22
S40183506,Horsfield's Bronze-Cuckoo,Chrysococcyx basalis,-32.9406233,145.79911,10-28-2017,09:00:00,16
S40183529,Shining Bronze-Cuckoo,Chrysococcyx lucidus,-32.9428867,145.8803217,10-28-2017,10:10:00,11
S40183568,Black-tailed Nativehen,Tribonyx ventralis,-33.3152879,146.3799262,10-28-2017,13:50:00,49
S40183568,Dusky Moorhen,Gallinula tenebrosa,-33.3152879,146.3799262,10-28-2017,13:50:00,49
S40183568,Eurasian Coot,Fulica atra,-33.3152879,146.3799262,10-28-2017,13:50:00,49
S40183568,Australasian Swamphen,Porphyrio melanotus,-33.3152879,146.3799262,10-28-2017,13:50:00,49
S40183568,Baillon's Crake,Zapornia pusilla,-33.3152879,146.3799262,10-28-2017,13:50:00,49
S40183568,Pied Stilt,Himantopus leucocephalus,-33.3152879,146.3799262,10-28-2017,13:50:00,49
S40183568,Red-necked Avocet,Recurvirostra novaehollandiae,-33.3152879,146.3799262,10-28-2017,13:50:00,49
S40183585,Banded Lapwing,Vanellus tricolor,-33.928477,147.5670719,10-28-2017,16:34:00,27
S40183568,Masked Lapwing,Vanellus miles,-33.3152879,146.3799262,10-28-2017,13:50:00,49
S40183567,Masked Lapwing (Black-shouldered),Vanellus miles,-33.2985783,146.3771634,10-28-2017,13:42:00,5
S40183568,Red-capped Plover,Charadrius ruficapillus,-33.3152879,146.3799262,10-28-2017,13:50:00,49
S40183568,Red-kneed Dotterel,Erythrogonys cinctus,-33.3152879,146.3799262,10-28-2017,13:50:00,49
S40183568,Black-fronted Dotterel,Elseyornis melanops,-33.3152879,146.3799262,10-28-2017,13:50:00,49
S40183585,Australian Pratincole,Stiltia isabella,-33.928477,147.5670719,10-28-2017,16:34:00,27
S40183568,Whiskered Tern,Chlidonias hybrida,-33.3152879,146.3799262,10-28-2017,13:50:00,49
S40183568,Australasian Darter,Anhinga novaehollandiae,-33.3152879,146.3799262,10-28-2017,13:50:00,49
S40183567,Little Pied Cormorant,Microcarbo melanoleucos,-33.2985783,146.3771634,10-28-2017,13:42:00,5
S40183568,Australian Pelican,Pelecanus conspicillatus,-33.3152879,146.3799262,10-28-2017,13:50:00,49
S40183567,Australian Pelican,Pelecanus conspicillatus,-33.2985783,146.3771634,10-28-2017,13:42:00,5
S40183568,White-faced Heron,Egretta novaehollandiae,-33.3152879,146.3799262,10-28-2017,13:50:00,49
S40183568,Glossy Ibis,Plegadis falcinellus,-33.3152879,146.3799262,10-28-2017,13:50:00,49
S40183579,Australian Ibis,Threskiornis molucca,-33.923535,147.210115,10-28-2017,16:02:00,NA
S40183620,Yellow-billed Spoonbill,Platalea flavipes,-34.121,148.01877,10-28-2017,19:20:00,NA
S40183562,Black-shouldered Kite,Elanus axillaris,-33.1644399,146.3472836,10-28-2017,12:18:00,65
S40183568,Black-shouldered Kite,Elanus axillaris,-33.3152879,146.3799262,10-28-2017,13:50:00,49
S40183562,Wedge-tailed Eagle,Aquila audax,-33.1644399,146.3472836,10-28-2017,12:18:00,65
S40183568,Black Kite,Milvus migrans,-33.3152879,146.3799262,10-28-2017,13:50:00,49
S40183567,Black Kite,Milvus migrans,-33.2985783,146.3771634,10-28-2017,13:42:00,5
S40183568,Whistling Kite,Haliastur sphenurus,-33.3152879,146.3799262,10-28-2017,13:50:00,49
S40183621,Southern Boobook,Ninox novaeseelandiae,-34.3155549,148.3061938,10-28-2017,20:22:00,NA
S40183574,Laughing Kookaburra,Dacelo novaeguineae,-33.7110917,147.0842,10-28-2017,15:36:00,NA
S40183576,Red-backed Kingfisher,Todiramphus pyrrhopygius,-33.9063583,147.1947183,10-28-2017,15:55:00,NA
S40183554,Sacred Kingfisher,Todiramphus sanctus,-33.13833,146.29138,10-28-2017,12:04:00,6
S40183544,Rainbow Bee-eater,Merops ornatus,-32.839966,145.879422,10-28-2017,10:31:00,7
S40183547,Rainbow Bee-eater,Merops ornatus,-32.9657046,146.1612511,10-28-2017,10:59:00,22
S40183568,Rainbow Bee-eater,Merops ornatus,-33.3152879,146.3799262,10-28-2017,13:50:00,49
S40183597,Rainbow Bee-eater,Merops ornatus,-34.0995453,148.0073619,10-28-2017,19:08:00,11
S40183592,Rainbow Bee-eater,Merops ornatus,-33.93996,147.91735,10-28-2017,17:36:00,61
S40183585,Australian Kestrel,Falco cenchroides,-33.928477,147.5670719,10-28-2017,16:34:00,27
S40183562,Australian Kestrel,Falco cenchroides,-33.1644399,146.3472836,10-28-2017,12:18:00,65
S40183555,Australian Kestrel,Falco cenchroides,-33.1446433,146.3001533,10-28-2017,12:11:00,NA
S40183568,Australian Kestrel,Falco cenchroides,-33.3152879,146.3799262,10-28-2017,13:50:00,49
S40183585,Brown Falcon,Falco berigora,-33.928477,147.5670719,10-28-2017,16:34:00,27
S40183568,Brown Falcon,Falco berigora,-33.3152879,146.3799262,10-28-2017,13:50:00,49
S40183571,Pink Cockatoo,Lophochroa leadbeateri,-33.6399383,146.9764783,10-28-2017,15:28:00,NA
S40183544,Pink Cockatoo,Lophochroa leadbeateri,-32.839966,145.879422,10-28-2017,10:31:00,7
S40183585,Galah,Eolophus roseicapilla,-33.928477,147.5670719,10-28-2017,16:34:00,27
S40183554,Galah,Eolophus roseicapilla,-33.13833,146.29138,10-28-2017,12:04:00,6
S40183529,Galah,Eolophus roseicapilla,-32.9428867,145.8803217,10-28-2017,10:10:00,11
S40183547,Galah,Eolophus roseicapilla,-32.9657046,146.1612511,10-28-2017,10:59:00,22
S40183568,Galah,Eolophus roseicapilla,-33.3152879,146.3799262,10-28-2017,13:50:00,49
S40183597,Galah,Eolophus roseicapilla,-34.0995453,148.0073619,10-28-2017,19:08:00,11
S40183592,Galah,Eolophus roseicapilla,-33.93996,147.91735,10-28-2017,17:36:00,61
S40183590,Galah,Eolophus roseicapilla,-34.00568,147.91963,10-28-2017,17:23:00,7
S40183595,Little Corella,Cacatua sanguinea,-34.0433283,147.9342067,10-28-2017,18:57:00,NA
S40183564,Cockatiel,Nymphicus hollandicus,-33.2008233,146.3594217,10-28-2017,13:27:00,NA
S40183568,Cockatiel,Nymphicus hollandicus,-33.3152879,146.3799262,10-28-2017,13:50:00,49
S40183592,Turquoise Parrot,Neophema pulchella,-33.93996,147.91735,10-28-2017,17:36:00,61
S40183529,Australian Ringneck,Barnardius zonarius,-32.9428867,145.8803217,10-28-2017,10:10:00,11
S40183547,Australian Ringneck,Barnardius zonarius,-32.9657046,146.1612511,10-28-2017,10:59:00,22
S40183592,Australian Ringneck,Barnardius zonarius,-33.93996,147.91735,10-28-2017,17:36:00,61
S40183570,Eastern Rosella,Platycercus eximius,-33.48027,146.7620633,10-28-2017,15:10:00,NA
S40183597,Eastern Rosella,Platycercus eximius,-34.0995453,148.0073619,10-28-2017,19:08:00,11
S40183592,Eastern Rosella,Platycercus eximius,-33.93996,147.91735,10-28-2017,17:36:00,61
S40183554,Greater Bluebonnet,Northiella haematogaster,-33.13833,146.29138,10-28-2017,12:04:00,6
S40183568,Red-rumped Parrot,Psephotus haematonotus,-33.3152879,146.3799262,10-28-2017,13:50:00,49
S40183567,Red-rumped Parrot,Psephotus haematonotus,-33.2985783,146.3771634,10-28-2017,13:42:00,5
S40183597,Red-rumped Parrot,Psephotus haematonotus,-34.0995453,148.0073619,10-28-2017,19:08:00,11
S40183592,Red-rumped Parrot,Psephotus haematonotus,-33.93996,147.91735,10-28-2017,17:36:00,61
S40183549,Mulga Parrot,Psephotus varius,-32.9590235,146.1597276,10-28-2017,11:21:00,13
S40183905,Spotted Bowerbird,Chlamydera maculata,-32.8543465,145.8735215,10-28-2017,10:29:00,NA
S40183547,Spotted Bowerbird,Chlamydera maculata,-32.9657046,146.1612511,10-28-2017,10:59:00,22
S40183592,White-throated Treecreeper,Cormobates leucophaea,-33.93996,147.91735,10-28-2017,17:36:00,61
S40183568,Purple-backed Fairywren,Malurus assimilis,-33.3152879,146.3799262,10-28-2017,13:50:00,49
S40183529,Splendid Fairywren,Malurus splendens,-32.9428867,145.8803217,10-28-2017,10:10:00,11
S40183506,Splendid Fairywren,Malurus splendens,-32.9406233,145.79911,10-28-2017,09:00:00,16
S40183519,Splendid Fairywren,Malurus splendens,-32.9416767,145.839115,10-28-2017,09:44:00,15
S40183544,Splendid Fairywren,Malurus splendens,-32.839966,145.879422,10-28-2017,10:31:00,7
S40183562,White-winged Fairywren,Malurus leucopterus,-33.1644399,146.3472836,10-28-2017,12:18:00,65
S40183568,White-winged Fairywren (Blue-and-white),Malurus leucopterus,-33.3152879,146.3799262,10-28-2017,13:50:00,49
S40183549,White-fronted Honeyeater,Purnella albifrons,-32.9590235,146.1597276,10-28-2017,11:21:00,13
S40183529,White-fronted Honeyeater,Purnella albifrons,-32.9428867,145.8803217,10-28-2017,10:10:00,11
S40183547,White-fronted Honeyeater,Purnella albifrons,-32.9657046,146.1612511,10-28-2017,10:59:00,22
S40183592,Yellow-faced Honeyeater,Caligavis chrysops,-33.93996,147.91735,10-28-2017,17:36:00,61
S40183571,Noisy Miner,Manorina melanocephala,-33.6399383,146.9764783,10-28-2017,15:28:00,NA
S40183592,Noisy Miner,Manorina melanocephala,-33.93996,147.91735,10-28-2017,17:36:00,61
S40183547,Yellow-throated Miner,Manorina flavigula,-32.9657046,146.1612511,10-28-2017,10:59:00,22
S40183568,Yellow-throated Miner,Manorina flavigula,-33.3152879,146.3799262,10-28-2017,13:50:00,49
S40183567,Yellow-throated Miner,Manorina flavigula,-33.2985783,146.3771634,10-28-2017,13:42:00,5
S40183549,Spiny-cheeked Honeyeater,Acanthagenys rufogularis,-32.9590235,146.1597276,10-28-2017,11:21:00,13
S40183529,Spiny-cheeked Honeyeater,Acanthagenys rufogularis,-32.9428867,145.8803217,10-28-2017,10:10:00,11
S40183519,Spiny-cheeked Honeyeater,Acanthagenys rufogularis,-32.9416767,145.839115,10-28-2017,09:44:00,15
S40183544,Spiny-cheeked Honeyeater,Acanthagenys rufogularis,-32.839966,145.879422,10-28-2017,10:31:00,7
S40183547,Spiny-cheeked Honeyeater,Acanthagenys rufogularis,-32.9657046,146.1612511,10-28-2017,10:59:00,22
S40183568,Spiny-cheeked Honeyeater,Acanthagenys rufogularis,-33.3152879,146.3799262,10-28-2017,13:50:00,49
S40183592,Spiny-cheeked Honeyeater,Acanthagenys rufogularis,-33.93996,147.91735,10-28-2017,17:36:00,61
S40183577,Red Wattlebird,Anthochaera carunculata,-33.9221467,147.2013817,10-28-2017,16:00:00,NA
S40183519,Singing Honeyeater,Gavicalis virescens,-32.9416767,145.839115,10-28-2017,09:44:00,15
S40183529,Yellow-plumed Honeyeater,Ptilotula ornata,-32.9428867,145.8803217,10-28-2017,10:10:00,11
S40183519,Yellow-plumed Honeyeater,Ptilotula ornata,-32.9416767,145.839115,10-28-2017,09:44:00,15
S40183554,White-plumed Honeyeater,Ptilotula penicillata,-33.13833,146.29138,10-28-2017,12:04:00,6
S40183529,White-plumed Honeyeater,Ptilotula penicillata,-32.9428867,145.8803217,10-28-2017,10:10:00,11
S40183597,White-plumed Honeyeater,Ptilotula penicillata,-34.0995453,148.0073619,10-28-2017,19:08:00,11
S40183592,White-plumed Honeyeater,Ptilotula penicillata,-33.93996,147.91735,10-28-2017,17:36:00,61
S40183549,Gray-fronted Honeyeater,Ptilotula plumula,-32.9590235,146.1597276,10-28-2017,11:21:00,13
S40183585,Orange Chat,Epthianura aurifrons,-33.928477,147.5670719,10-28-2017,16:34:00,27
S40183562,Orange Chat,Epthianura aurifrons,-33.1644399,146.3472836,10-28-2017,12:18:00,65
S40183590,White-fronted Chat,Epthianura albifrons,-34.00568,147.91963,10-28-2017,17:23:00,7
S40183549,Black Honeyeater,Sugomel nigrum,-32.9590235,146.1597276,10-28-2017,11:21:00,13
S40183529,Black Honeyeater,Sugomel nigrum,-32.9428867,145.8803217,10-28-2017,10:10:00,11
S40183547,Black Honeyeater,Sugomel nigrum,-32.9657046,146.1612511,10-28-2017,10:59:00,22
S40183549,White-eared Honeyeater,Nesoptilotis leucotis,-32.9590235,146.1597276,10-28-2017,11:21:00,13
S40183529,White-eared Honeyeater,Nesoptilotis leucotis,-32.9428867,145.8803217,10-28-2017,10:10:00,11
S40183509,White-eared Honeyeater,Nesoptilotis leucotis,-32.9412533,145.8234083,10-28-2017,09:25:00,5
S40183519,White-eared Honeyeater,Nesoptilotis leucotis,-32.9416767,145.839115,10-28-2017,09:44:00,15
S40183577,Blue-faced Honeyeater,Entomyzon cyanotis,-33.9221467,147.2013817,10-28-2017,16:00:00,NA
S40183549,Brown-headed Honeyeater,Melithreptus brevirostris,-32.9590235,146.1597276,10-28-2017,11:21:00,13
S40183506,Brown-headed Honeyeater,Melithreptus brevirostris,-32.9406233,145.79911,10-28-2017,09:00:00,16
S40183509,Brown-headed Honeyeater,Melithreptus brevirostris,-32.9412533,145.8234083,10-28-2017,09:25:00,5
S40183547,Brown-headed Honeyeater,Melithreptus brevirostris,-32.9657046,146.1612511,10-28-2017,10:59:00,22
S40183592,Brown-headed Honeyeater,Melithreptus brevirostris,-33.93996,147.91735,10-28-2017,17:36:00,61
S40183554,Striped Honeyeater,Plectorhyncha lanceolata,-33.13833,146.29138,10-28-2017,12:04:00,6
S40183549,Striped Honeyeater,Plectorhyncha lanceolata,-32.9590235,146.1597276,10-28-2017,11:21:00,13
S40183516,Striped Honeyeater,Plectorhyncha lanceolata,-32.9415483,145.8327817,10-28-2017,09:38:00,5
S40183592,Striped Honeyeater,Plectorhyncha lanceolata,-33.93996,147.91735,10-28-2017,17:36:00,61
S40183554,Little Friarbird,Philemon citreogularis,-33.13833,146.29138,10-28-2017,12:04:00,6
S40183544,Little Friarbird,Philemon citreogularis,-32.839966,145.879422,10-28-2017,10:31:00,7
S40183592,Little Friarbird,Philemon citreogularis,-33.93996,147.91735,10-28-2017,17:36:00,61
S40183544,Noisy Friarbird,Philemon corniculatus,-32.839966,145.879422,10-28-2017,10:31:00,7
S40183554,Striated Pardalote,Pardalotus striatus,-33.13833,146.29138,10-28-2017,12:04:00,6
S40183549,Striated Pardalote,Pardalotus striatus,-32.9590235,146.1597276,10-28-2017,11:21:00,13
S40183547,Striated Pardalote,Pardalotus striatus,-32.9657046,146.1612511,10-28-2017,10:59:00,22
S40183568,Striated Pardalote,Pardalotus striatus,-33.3152879,146.3799262,10-28-2017,13:50:00,49
S40183597,Striated Pardalote,Pardalotus striatus,-34.0995453,148.0073619,10-28-2017,19:08:00,11
S40183519,Speckled Warbler,Pyrrholaemus sagittatus,-32.9416767,145.839115,10-28-2017,09:44:00,15
S40183592,Speckled Warbler,Pyrrholaemus sagittatus,-33.93996,147.91735,10-28-2017,17:36:00,61
S40183592,Buff-rumped Thornbill,Acanthiza reguloides,-33.93996,147.91735,10-28-2017,17:36:00,61
S40183549,Inland Thornbill,Acanthiza apicalis,-32.9590235,146.1597276,10-28-2017,11:21:00,13
S40183506,Inland Thornbill,Acanthiza apicalis,-32.9406233,145.79911,10-28-2017,09:00:00,16
S40183509,Inland Thornbill,Acanthiza apicalis,-32.9412533,145.8234083,10-28-2017,09:25:00,5
S40183512,Inland Thornbill,Acanthiza apicalis,-32.9412767,145.82647,10-28-2017,09:31:00,5
S40183516,Inland Thornbill,Acanthiza apicalis,-32.9415483,145.8327817,10-28-2017,09:38:00,5
S40183519,Inland Thornbill,Acanthiza apicalis,-32.9416767,145.839115,10-28-2017,09:44:00,15
S40183519,Yellow-rumped Thornbill,Acanthiza chrysorrhoa,-32.9416767,145.839115,10-28-2017,09:44:00,15
S40183544,Yellow-rumped Thornbill,Acanthiza chrysorrhoa,-32.839966,145.879422,10-28-2017,10:31:00,7
S40183547,Yellow-rumped Thornbill,Acanthiza chrysorrhoa,-32.9657046,146.1612511,10-28-2017,10:59:00,22
S40183597,Yellow-rumped Thornbill,Acanthiza chrysorrhoa,-34.0995453,148.0073619,10-28-2017,19:08:00,11
S40183519,Chestnut-rumped Thornbill,Acanthiza uropygialis,-32.9416767,145.839115,10-28-2017,09:44:00,15
S40183512,Yellow Thornbill,Acanthiza nana,-32.9412767,145.82647,10-28-2017,09:31:00,5
S40183519,Yellow Thornbill,Acanthiza nana,-32.9416767,145.839115,10-28-2017,09:44:00,15
S40183547,Yellow Thornbill,Acanthiza nana,-32.9657046,146.1612511,10-28-2017,10:59:00,22
S40183592,Yellow Thornbill,Acanthiza nana,-33.93996,147.91735,10-28-2017,17:36:00,61
S40183549,Weebill,Smicrornis brevirostris,-32.9590235,146.1597276,10-28-2017,11:21:00,13
S40183506,Weebill,Smicrornis brevirostris,-32.9406233,145.79911,10-28-2017,09:00:00,16
S40183509,Weebill,Smicrornis brevirostris,-32.9412533,145.8234083,10-28-2017,09:25:00,5
S40183512,Weebill,Smicrornis brevirostris,-32.9412767,145.82647,10-28-2017,09:31:00,5
S40183516,Weebill,Smicrornis brevirostris,-32.9415483,145.8327817,10-28-2017,09:38:00,5
S40183519,Weebill,Smicrornis brevirostris,-32.9416767,145.839115,10-28-2017,09:44:00,15
S40183547,Weebill,Smicrornis brevirostris,-32.9657046,146.1612511,10-28-2017,10:59:00,22
S40183592,White-throated Gerygone,Gerygone olivacea,-33.93996,147.91735,10-28-2017,17:36:00,61
S40183549,Western Gerygone,Gerygone fusca,-32.9590235,146.1597276,10-28-2017,11:21:00,13
S40183516,Western Gerygone,Gerygone fusca,-32.9415483,145.8327817,10-28-2017,09:38:00,5
S40183547,Western Gerygone,Gerygone fusca,-32.9657046,146.1612511,10-28-2017,10:59:00,22
S40183549,Southern Whiteface,Aphelocephala leucopsis,-32.9590235,146.1597276,10-28-2017,11:21:00,13
S40183519,Southern Whiteface,Aphelocephala leucopsis,-32.9416767,145.839115,10-28-2017,09:44:00,15
S40183547,Southern Whiteface,Aphelocephala leucopsis,-32.9657046,146.1612511,10-28-2017,10:59:00,22
S40183519,Gray-crowned Babbler,Pomatostomus temporalis,-32.9416767,145.839115,10-28-2017,09:44:00,15
S40183544,Gray-crowned Babbler,Pomatostomus temporalis,-32.839966,145.879422,10-28-2017,10:31:00,7
S40183592,Gray-crowned Babbler,Pomatostomus temporalis,-33.93996,147.91735,10-28-2017,17:36:00,61
S40183592,White-browed Babbler,Pomatostomus superciliosus,-33.93996,147.91735,10-28-2017,17:36:00,61
S40183516,Chestnut Quail-thrush,Cinclosoma castanotum,-32.9415483,145.8327817,10-28-2017,09:38:00,5
S40183568,White-breasted Woodswallow,Artamus leucorynchus,-33.3152879,146.3799262,10-28-2017,13:50:00,49
S40183567,White-breasted Woodswallow,Artamus leucorynchus,-33.2985783,146.3771634,10-28-2017,13:42:00,5
S40183529,Masked Woodswallow,Artamus personatus,-32.9428867,145.8803217,10-28-2017,10:10:00,11
S40183529,White-browed Woodswallow,Artamus superciliosus,-32.9428867,145.8803217,10-28-2017,10:10:00,11
S40183597,Dusky Woodswallow,Artamus cyanopterus,-34.0995453,148.0073619,10-28-2017,19:08:00,11
S40183592,Dusky Woodswallow,Artamus cyanopterus,-33.93996,147.91735,10-28-2017,17:36:00,61
S40183549,Gray Butcherbird,Cracticus torquatus,-32.9590235,146.1597276,10-28-2017,11:21:00,13
S40183516,Gray Butcherbird,Cracticus torquatus,-32.9415483,145.8327817,10-28-2017,09:38:00,5
S40183519,Gray Butcherbird,Cracticus torquatus,-32.9416767,145.839115,10-28-2017,09:44:00,15
S40183547,Gray Butcherbird,Cracticus torquatus,-32.9657046,146.1612511,10-28-2017,10:59:00,22
S40183585,Pied Butcherbird,Cracticus nigrogularis,-33.928477,147.5670719,10-28-2017,16:34:00,27
S40183555,Pied Butcherbird,Cracticus nigrogularis,-33.1446433,146.3001533,10-28-2017,12:11:00,NA
S40183592,Pied Butcherbird,Cracticus nigrogularis,-33.93996,147.91735,10-28-2017,17:36:00,61
S40183585,Australian Magpie (Black-backed),Gymnorhina tibicen,-33.928477,147.5670719,10-28-2017,16:34:00,27
S40183554,Australian Magpie (Black-backed),Gymnorhina tibicen,-33.13833,146.29138,10-28-2017,12:04:00,6
S40183562,Australian Magpie (Black-backed),Gymnorhina tibicen,-33.1644399,146.3472836,10-28-2017,12:18:00,65
S40183535,Australian Magpie (Black-backed),Gymnorhina tibicen,-32.9272033,145.8748733,10-28-2017,10:25:00,NA
S40183544,Australian Magpie (Black-backed),Gymnorhina tibicen,-32.839966,145.879422,10-28-2017,10:31:00,7
S40183568,Australian Magpie (Black-backed),Gymnorhina tibicen,-33.3152879,146.3799262,10-28-2017,13:50:00,49
S40183597,Australian Magpie (Black-backed),Gymnorhina tibicen,-34.0995453,148.0073619,10-28-2017,19:08:00,11
S40183592,Australian Magpie (Black-backed),Gymnorhina tibicen,-33.93996,147.91735,10-28-2017,17:36:00,61
S40183590,Australian Magpie (Black-backed),Gymnorhina tibicen,-34.00568,147.91963,10-28-2017,17:23:00,7
S40183597,Pied Currawong,Strepera graculina,-34.0995453,148.0073619,10-28-2017,19:08:00,11
S40183592,Pied Currawong,Strepera graculina,-33.93996,147.91735,10-28-2017,17:36:00,61
S40183551,Black-faced Cuckooshrike,Coracina novaehollandiae,-33.1220217,146.2742667,10-28-2017,12:02:00,NA
S40183549,White-winged Triller,Lalage tricolor,-32.9590235,146.1597276,10-28-2017,11:21:00,13
S40183547,Varied Sittella,Daphoenositta chrysoptera,-32.9657046,146.1612511,10-28-2017,10:59:00,22
S40183554,Gray Shrikethrush,Colluricincla harmonica,-33.13833,146.29138,10-28-2017,12:04:00,6
S40183529,Gray Shrikethrush,Colluricincla harmonica,-32.9428867,145.8803217,10-28-2017,10:10:00,11
S40183506,Gray Shrikethrush,Colluricincla harmonica,-32.9406233,145.79911,10-28-2017,09:00:00,16
S40183509,Gray Shrikethrush,Colluricincla harmonica,-32.9412533,145.8234083,10-28-2017,09:25:00,5
S40183512,Gray Shrikethrush,Colluricincla harmonica,-32.9412767,145.82647,10-28-2017,09:31:00,5
S40183516,Gray Shrikethrush,Colluricincla harmonica,-32.9415483,145.8327817,10-28-2017,09:38:00,5
S40183554,Rufous Whistler,Pachycephala rufiventris,-33.13833,146.29138,10-28-2017,12:04:00,6
S40183529,Rufous Whistler,Pachycephala rufiventris,-32.9428867,145.8803217,10-28-2017,10:10:00,11
S40183506,Rufous Whistler,Pachycephala rufiventris,-32.9406233,145.79911,10-28-2017,09:00:00,16
S40183509,Rufous Whistler,Pachycephala rufiventris,-32.9412533,145.8234083,10-28-2017,09:25:00,5
S40183512,Rufous Whistler,Pachycephala rufiventris,-32.9412767,145.82647,10-28-2017,09:31:00,5
S40183516,Rufous Whistler,Pachycephala rufiventris,-32.9415483,145.8327817,10-28-2017,09:38:00,5
S40183519,Rufous Whistler,Pachycephala rufiventris,-32.9416767,145.839115,10-28-2017,09:44:00,15
S40183547,Rufous Whistler,Pachycephala rufiventris,-32.9657046,146.1612511,10-28-2017,10:59:00,22
S40183592,Rufous Whistler,Pachycephala rufiventris,-33.93996,147.91735,10-28-2017,17:36:00,61
S40183529,Crested Bellbird,Oreoica gutturalis,-32.9428867,145.8803217,10-28-2017,10:10:00,11
S40183506,Crested Bellbird,Oreoica gutturalis,-32.9406233,145.79911,10-28-2017,09:00:00,16
S40183509,Crested Bellbird,Oreoica gutturalis,-32.9412533,145.8234083,10-28-2017,09:25:00,5
S40183512,Crested Bellbird,Oreoica gutturalis,-32.9412767,145.82647,10-28-2017,09:31:00,5
S40183516,Crested Bellbird,Oreoica gutturalis,-32.9415483,145.8327817,10-28-2017,09:38:00,5
S40183519,Crested Bellbird,Oreoica gutturalis,-32.9416767,145.839115,10-28-2017,09:44:00,15
S40183554,Willie-wagtail,Rhipidura leucophrys,-33.13833,146.29138,10-28-2017,12:04:00,6
S40183549,Willie-wagtail,Rhipidura leucophrys,-32.9590235,146.1597276,10-28-2017,11:21:00,13
S40183509,Willie-wagtail,Rhipidura leucophrys,-32.9412533,145.8234083,10-28-2017,09:25:00,5
S40183512,Willie-wagtail,Rhipidura leucophrys,-32.9412767,145.82647,10-28-2017,09:31:00,5
S40183544,Willie-wagtail,Rhipidura leucophrys,-32.839966,145.879422,10-28-2017,10:31:00,7
S40183568,Willie-wagtail,Rhipidura leucophrys,-33.3152879,146.3799262,10-28-2017,13:50:00,49
S40183592,Willie-wagtail,Rhipidura leucophrys,-33.93996,147.91735,10-28-2017,17:36:00,61
S40183592,Gray Fantail,Rhipidura albiscapa,-33.93996,147.91735,10-28-2017,17:36:00,61
S40183544,Magpie-lark,Grallina cyanoleuca,-32.839966,145.879422,10-28-2017,10:31:00,7
S40183568,Magpie-lark,Grallina cyanoleuca,-33.3152879,146.3799262,10-28-2017,13:50:00,49
S40183567,Magpie-lark,Grallina cyanoleuca,-33.2985783,146.3771634,10-28-2017,13:42:00,5
S40183597,Magpie-lark,Grallina cyanoleuca,-34.0995453,148.0073619,10-28-2017,19:08:00,11
S40183592,Magpie-lark,Grallina cyanoleuca,-33.93996,147.91735,10-28-2017,17:36:00,61
S40183585,Australian Raven,Corvus coronoides,-33.928477,147.5670719,10-28-2017,16:34:00,27
S40183562,Australian Raven,Corvus coronoides,-33.1644399,146.3472836,10-28-2017,12:18:00,65
S40183506,Australian Raven,Corvus coronoides,-32.9406233,145.79911,10-28-2017,09:00:00,16
S40183509,Australian Raven,Corvus coronoides,-32.9412533,145.8234083,10-28-2017,09:25:00,5
S40183547,Australian Raven,Corvus coronoides,-32.9657046,146.1612511,10-28-2017,10:59:00,22
S40183568,Australian Raven,Corvus coronoides,-33.3152879,146.3799262,10-28-2017,13:50:00,49
S40183567,Australian Raven,Corvus coronoides,-33.2985783,146.3771634,10-28-2017,13:42:00,5
S40183597,Australian Raven,Corvus coronoides,-34.0995453,148.0073619,10-28-2017,19:08:00,11
S40183592,Australian Raven,Corvus coronoides,-33.93996,147.91735,10-28-2017,17:36:00,61
S40183568,Little Raven,Corvus mellori,-33.3152879,146.3799262,10-28-2017,13:50:00,49
S40183544,White-winged Chough,Corcorax melanorhamphos,-32.839966,145.879422,10-28-2017,10:31:00,7
S40183592,White-winged Chough,Corcorax melanorhamphos,-33.93996,147.91735,10-28-2017,17:36:00,61
S40183544,Apostlebird,Struthidea cinerea,-32.839966,145.879422,10-28-2017,10:31:00,7
S40183597,Apostlebird,Struthidea cinerea,-34.0995453,148.0073619,10-28-2017,19:08:00,11
S40183592,Apostlebird,Struthidea cinerea,-33.93996,147.91735,10-28-2017,17:36:00,61
S40183597,Jacky-winter,Microeca fascinans,-34.0995453,148.0073619,10-28-2017,19:08:00,11
S40183512,Red-capped Robin,Petroica goodenovii,-32.9412767,145.82647,10-28-2017,09:31:00,5
S40183519,Red-capped Robin,Petroica goodenovii,-32.9416767,145.839115,10-28-2017,09:44:00,15
S40183544,Red-capped Robin,Petroica goodenovii,-32.839966,145.879422,10-28-2017,10:31:00,7
S40183547,Red-capped Robin,Petroica goodenovii,-32.9657046,146.1612511,10-28-2017,10:59:00,22
S40183592,Red-capped Robin,Petroica goodenovii,-33.93996,147.91735,10-28-2017,17:36:00,61
S40183519,Hooded Robin,Melanodryas cucullata,-32.9416767,145.839115,10-28-2017,09:44:00,15
S40183597,Eastern Yellow Robin,Eopsaltria australis,-34.0995453,148.0073619,10-28-2017,19:08:00,11
S40183590,Australasian Bushlark,Mirafra javanica,-34.00568,147.91963,10-28-2017,17:23:00,7
S40183544,Welcome Swallow,Hirundo neoxena,-32.839966,145.879422,10-28-2017,10:31:00,7
S40183568,Welcome Swallow,Hirundo neoxena,-33.3152879,146.3799262,10-28-2017,13:50:00,49
S40183567,Welcome Swallow,Hirundo neoxena,-33.2985783,146.3771634,10-28-2017,13:42:00,5
S40183597,Welcome Swallow,Hirundo neoxena,-34.0995453,148.0073619,10-28-2017,19:08:00,11
S40183568,Fairy Martin,Petrochelidon ariel,-33.3152879,146.3799262,10-28-2017,13:50:00,49
S40183568,Australian Reed Warbler,Acrocephalus australis,-33.3152879,146.3799262,10-28-2017,13:50:00,49
S40183567,Australian Reed Warbler,Acrocephalus australis,-33.2985783,146.3771634,10-28-2017,13:42:00,5
S40183568,Little Grassbird,Megalurus gramineus,-33.3152879,146.3799262,10-28-2017,13:50:00,49
S40183585,Brown Songlark,Megalurus cruralis,-33.928477,147.5670719,10-28-2017,16:34:00,27
S40183582,Brown Songlark,Megalurus cruralis,-33.97419,147.5704283,10-28-2017,16:30:00,NA
S40183590,Rufous Songlark,Megalurus mathewsi,-34.00568,147.91963,10-28-2017,17:23:00,7
S40183592,Silver-eye,Zosterops lateralis,-33.93996,147.91735,10-28-2017,17:36:00,61
S40183568,Eurasian Blackbird,Turdus merula,-33.3152879,146.3799262,10-28-2017,13:50:00,49
S40183567,Eurasian Blackbird,Turdus merula,-33.2985783,146.3771634,10-28-2017,13:42:00,5
S40183558,European Starling,Sturnus vulgaris,-33.1672117,146.3289017,10-28-2017,12:16:00,NA
S40183568,European Starling,Sturnus vulgaris,-33.3152879,146.3799262,10-28-2017,13:50:00,49
S40183567,European Starling,Sturnus vulgaris,-33.2985783,146.3771634,10-28-2017,13:42:00,5
S40183524,Mistletoebird,Dicaeum hirundinaceum,-32.942905,145.8762683,10-28-2017,10:09:00,NA
S40183585,Australasian Pipit,Anthus novaeseelandiae,-33.928477,147.5670719,10-28-2017,16:34:00,27
S40183557,Australasian Pipit,Anthus novaeseelandiae,-33.1524767,146.3124333,10-28-2017,12:14:00,NA
S40183590,Australasian Pipit,Anthus novaeseelandiae,-34.00568,147.91963,10-28-2017,17:23:00,7
S40183565,House Sparrow,Passer domesticus,-33.293145,146.37275,10-28-2017,13:40:00,NA
S40183568,House Sparrow,Passer domesticus,-33.3152879,146.3799262,10-28-2017,13:50:00,49
S40183567,House Sparrow,Passer domesticus,-33.2985783,146.3771634,10-28-2017,13:42:00,5
S40183597,Diamond Firetail,Stagonopleura guttata,-34.0995453,148.0073619,10-28-2017,19:08:00,11
S40183562,Zebra Finch,Taeniopygia guttata,-33.1644399,146.3472836,10-28-2017,12:18:00,65
S40183568,Zebra Finch (Australian),Taeniopygia guttata,-33.3152879,146.3799262,10-28-2017,13:50:00,49
S40183592,Double-barred Finch,Taeniopygia bichenovii,-33.93996,147.91735,10-28-2017,17:36:00,61
S40183895,Black Swan,Cygnus atratus,-33.9378058,151.2056923,10-29-2017,13:50:00,24
S40183696,Black Swan,Cygnus atratus,-34.8618379,150.7471537,10-29-2017,07:10:00,53
S40183869,Maned Duck,Chenonetta jubata,-34.6220167,150.83106,10-29-2017,08:43:00,13
S40183630,Maned Duck,Chenonetta jubata,-34.6918083,150.5269867,10-29-2017,06:21:00,5
S40183892,Maned Duck,Chenonetta jubata,-34.07484,151.05583,10-29-2017,12:39:00,5
S40183872,Maned Duck,Chenonetta jubata,-34.5444078,150.7841915,10-29-2017,09:07:00,5
S40183895,Pacific Black Duck,Anas superciliosa,-33.9378058,151.2056923,10-29-2017,13:50:00,24
S40183869,Pacific Black Duck,Anas superciliosa,-34.6220167,150.83106,10-29-2017,08:43:00,13
S40183630,Pacific Black Duck,Anas superciliosa,-34.6918083,150.5269867,10-29-2017,06:21:00,5
S40183892,Pacific Black Duck,Anas superciliosa,-34.07484,151.05583,10-29-2017,12:39:00,5
S40183872,Pacific Black Duck,Anas superciliosa,-34.5444078,150.7841915,10-29-2017,09:07:00,5
S40183869,Gray Teal,Anas gracilis,-34.6220167,150.83106,10-29-2017,08:43:00,13
S40183696,Gray Teal,Anas gracilis,-34.8618379,150.7471537,10-29-2017,07:10:00,53
S40183872,Gray Teal,Anas gracilis,-34.5444078,150.7841915,10-29-2017,09:07:00,5
S40183872,Chestnut Teal,Anas castanea,-34.5444078,150.7841915,10-29-2017,09:07:00,5
S40183869,Hardhead,Aythya australis,-34.6220167,150.83106,10-29-2017,08:43:00,13
S40183872,Hardhead,Aythya australis,-34.5444078,150.7841915,10-29-2017,09:07:00,5
S40183872,Australasian Grebe,Tachybaptus novaehollandiae,-34.5444078,150.7841915,10-29-2017,09:07:00,5
S40183869,White-headed Pigeon,Columba leucomela,-34.6220167,150.83106,10-29-2017,08:43:00,13
S40183655,White-headed Pigeon,Columba leucomela,-34.7321883,150.5242233,10-29-2017,06:29:00,NA
S40183665,Spotted Dove,Streptopelia chinensis,-34.8448807,150.5947059,10-29-2017,06:51:00,NA
S40183895,Crested Pigeon,Ocyphaps lophotes,-33.9378058,151.2056923,10-29-2017,13:50:00,24
S40183869,Crested Pigeon,Ocyphaps lophotes,-34.6220167,150.83106,10-29-2017,08:43:00,13
S40183696,Crested Pigeon,Ocyphaps lophotes,-34.8618379,150.7471537,10-29-2017,07:10:00,53
S40183623,Wonga Pigeon,Leucosarcia melanoleuca,-34.647,150.4823,10-29-2017,05:20:00,49
S40183696,Bar-shouldered Dove,Geopelia humeralis,-34.8618379,150.7471537,10-29-2017,07:10:00,53
S40183869,Topknot Pigeon,Lopholaimus antarcticus,-34.6220167,150.83106,10-29-2017,08:43:00,13
S40183696,Topknot Pigeon,Lopholaimus antarcticus,-34.8618379,150.7471537,10-29-2017,07:10:00,53
S40183875,Topknot Pigeon,Lopholaimus antarcticus,-34.3996706,150.8500421,10-29-2017,09:51:00,52
S40183696,Pacific Koel,Eudynamys orientalis,-34.8618379,150.7471537,10-29-2017,07:10:00,53
S40183895,Pacific Koel (Australian),Eudynamys orientalis,-33.9378058,151.2056923,10-29-2017,13:50:00,24
S40183655,Pacific Koel (Australian),Eudynamys orientalis,-34.7321883,150.5242233,10-29-2017,06:29:00,NA
S40183623,Channel-billed Cuckoo,Scythrops novaehollandiae,-34.647,150.4823,10-29-2017,05:20:00,49
S40183875,Shining Bronze-Cuckoo,Chrysococcyx lucidus,-34.3996706,150.8500421,10-29-2017,09:51:00,52
S40183880,Fan-tailed Cuckoo,Cacomantis flabelliformis,-34.14377,151.02699,10-29-2017,11:33:00,26
S40183623,Fan-tailed Cuckoo,Cacomantis flabelliformis,-34.647,150.4823,10-29-2017,05:20:00,49
S40183875,Fan-tailed Cuckoo,Cacomantis flabelliformis,-34.3996706,150.8500421,10-29-2017,09:51:00,52
S40183869,Buff-banded Rail,Gallirallus philippensis,-34.6220167,150.83106,10-29-2017,08:43:00,13
S40183895,Dusky Moorhen,Gallinula tenebrosa,-33.9378058,151.2056923,10-29-2017,13:50:00,24
S40183892,Dusky Moorhen,Gallinula tenebrosa,-34.07484,151.05583,10-29-2017,12:39:00,5
S40183895,Eurasian Coot,Fulica atra,-33.9378058,151.2056923,10-29-2017,13:50:00,24
S40183869,Eurasian Coot,Fulica atra,-34.6220167,150.83106,10-29-2017,08:43:00,13
S40183892,Eurasian Coot,Fulica atra,-34.07484,151.05583,10-29-2017,12:39:00,5
S40183895,Australasian Swamphen,Porphyrio melanotus,-33.9378058,151.2056923,10-29-2017,13:50:00,24
S40183869,Australasian Swamphen,Porphyrio melanotus,-34.6220167,150.83106,10-29-2017,08:43:00,13
S40183892,Australasian Swamphen,Porphyrio melanotus,-34.07484,151.05583,10-29-2017,12:39:00,5
S40183894,Pied Stilt,Himantopus leucocephalus,-33.9532523,151.1950493,10-29-2017,13:34:00,8
S40183696,Pacific Golden-Plover,Pluvialis fulva,-34.8618379,150.7471537,10-29-2017,07:10:00,53
S40183895,Masked Lapwing (Black-shouldered),Vanellus miles,-33.9378058,151.2056923,10-29-2017,13:50:00,24
S40183869,Masked Lapwing (Black-shouldered),Vanellus miles,-34.6220167,150.83106,10-29-2017,08:43:00,13
S40183696,Red-capped Plover,Charadrius ruficapillus,-34.8618379,150.7471537,10-29-2017,07:10:00,53
S40183696,Far Eastern Curlew,Numenius madagascariensis,-34.8618379,150.7471537,10-29-2017,07:10:00,53
S40183696,Red-necked Stint,Calidris ruficollis,-34.8618379,150.7471537,10-29-2017,07:10:00,53
S40183894,Silver Gull,Chroicocephalus novaehollandiae,-33.9532523,151.1950493,10-29-2017,13:34:00,8
S40183896,Silver Gull,Chroicocephalus novaehollandiae,-33.9412371,151.2646124,10-29-2017,14:29:00,31
S40183696,Silver Gull,Chroicocephalus novaehollandiae,-34.8618379,150.7471537,10-29-2017,07:10:00,53
S40183696,Little Tern,Sternula albifrons,-34.8618379,150.7471537,10-29-2017,07:10:00,53
S40183696,Gull-billed Tern,Gelochelidon nilotica,-34.8618379,150.7471537,10-29-2017,07:10:00,53
S40183896,Great Crested Tern,Thalasseus bergii,-33.9412371,151.2646124,10-29-2017,14:29:00,31
S40183696,Great Crested Tern,Thalasseus bergii,-34.8618379,150.7471537,10-29-2017,07:10:00,53
S40183896,Wedge-tailed Shearwater,Ardenna pacifica,-33.9412371,151.2646124,10-29-2017,14:29:00,31
S40183896,Australasian Gannet,Morus serrator,-33.9412371,151.2646124,10-29-2017,14:29:00,31
S40183696,Australasian Gannet,Morus serrator,-34.8618379,150.7471537,10-29-2017,07:10:00,53
S40183869,Australasian Darter,Anhinga novaehollandiae,-34.6220167,150.83106,10-29-2017,08:43:00,13
S40183892,Australasian Darter,Anhinga novaehollandiae,-34.07484,151.05583,10-29-2017,12:39:00,5
S40183696,Little Pied Cormorant,Microcarbo melanoleucos,-34.8618379,150.7471537,10-29-2017,07:10:00,53
S40183892,Little Pied Cormorant,Microcarbo melanoleucos,-34.07484,151.05583,10-29-2017,12:39:00,5
S40183869,Great Cormorant,Phalacrocorax carbo,-34.6220167,150.83106,10-29-2017,08:43:00,13
S40183892,Great Cormorant,Phalacrocorax carbo,-34.07484,151.05583,10-29-2017,12:39:00,5
S40183696,Great Cormorant (Australasian),Phalacrocorax carbo,-34.8618379,150.7471537,10-29-2017,07:10:00,53
S40183895,Little Black Cormorant,Phalacrocorax sulcirostris,-33.9378058,151.2056923,10-29-2017,13:50:00,24
S40183894,Little Black Cormorant,Phalacrocorax sulcirostris,-33.9532523,151.1950493,10-29-2017,13:34:00,8
S40183696,Pied Cormorant,Phalacrocorax varius,-34.8618379,150.7471537,10-29-2017,07:10:00,53
S40183696,Australian Pelican,Pelecanus conspicillatus,-34.8618379,150.7471537,10-29-2017,07:10:00,53
S40183630,Pacific Heron,Ardea pacifica,-34.6918083,150.5269867,10-29-2017,06:21:00,5
S40183895,Great Egret,Ardea alba,-33.9378058,151.2056923,10-29-2017,13:50:00,24
S40183630,White-faced Heron,Egretta novaehollandiae,-34.6918083,150.5269867,10-29-2017,06:21:00,5
S40183872,White-faced Heron,Egretta novaehollandiae,-34.5444078,150.7841915,10-29-2017,09:07:00,5
S40183696,Little Egret,Egretta garzetta,-34.8618379,150.7471537,10-29-2017,07:10:00,53
S40183659,Cattle Egret,Bubulcus ibis,-34.7468383,150.5618033,10-29-2017,06:34:00,NA
S40183869,Rufous Night-Heron,Nycticorax caledonicus,-34.6220167,150.83106,10-29-2017,08:43:00,13
S40183895,Australian Ibis,Threskiornis molucca,-33.9378058,151.2056923,10-29-2017,13:50:00,24
S40183696,Australian Ibis,Threskiornis molucca,-34.8618379,150.7471537,10-29-2017,07:10:00,53
S40183872,Australian Ibis,Threskiornis molucca,-34.5444078,150.7841915,10-29-2017,09:07:00,5
S40183630,Straw-necked Ibis,Threskiornis spinicollis,-34.6918083,150.5269867,10-29-2017,06:21:00,5
S40183873,Brown Goshawk,Accipiter fasciatus,-34.4795423,150.825058,10-29-2017,09:17:00,NA
S40183696,White-bellied Sea-Eagle,Haliaeetus leucogaster,-34.8618379,150.7471537,10-29-2017,07:10:00,53
S40183623,Southern Boobook,Ninox novaeseelandiae,-34.647,150.4823,10-29-2017,05:20:00,49
S40183892,Azure Kingfisher,Ceyx azureus,-34.07484,151.05583,10-29-2017,12:39:00,5
S40183623,Laughing Kookaburra,Dacelo novaeguineae,-34.647,150.4823,10-29-2017,05:20:00,49
S40183875,Laughing Kookaburra,Dacelo novaeguineae,-34.3996706,150.8500421,10-29-2017,09:51:00,52
S40183880,Sacred Kingfisher,Todiramphus sanctus,-34.14377,151.02699,10-29-2017,11:33:00,26
S40183696,Dollarbird,Eurystomus orientalis,-34.8618379,150.7471537,10-29-2017,07:10:00,53
S40183896,Australian Kestrel,Falco cenchroides,-33.9412371,151.2646124,10-29-2017,14:29:00,31
S40183696,Yellow-tailed Black-Cockatoo,Calyptorhynchus funereus,-34.8618379,150.7471537,10-29-2017,07:10:00,53
S40183696,Galah,Eolophus roseicapilla,-34.8618379,150.7471537,10-29-2017,07:10:00,53
S40183872,Long-billed Corella,Cacatua tenuirostris,-34.5444078,150.7841915,10-29-2017,09:07:00,5
S40183630,Little Corella,Cacatua sanguinea,-34.6918083,150.5269867,10-29-2017,06:21:00,5
S40183696,Little Corella,Cacatua sanguinea,-34.8618379,150.7471537,10-29-2017,07:10:00,53
S40183872,Little Corella,Cacatua sanguinea,-34.5444078,150.7841915,10-29-2017,09:07:00,5
S40183696,Sulphur-crested Cockatoo,Cacatua galerita,-34.8618379,150.7471537,10-29-2017,07:10:00,53
S40183892,Sulphur-crested Cockatoo,Cacatua galerita,-34.07484,151.05583,10-29-2017,12:39:00,5
S40183880,Sulphur-crested Cockatoo,Cacatua galerita,-34.14377,151.02699,10-29-2017,11:33:00,26
S40183623,Sulphur-crested Cockatoo,Cacatua galerita,-34.647,150.4823,10-29-2017,05:20:00,49
S40183875,Sulphur-crested Cockatoo,Cacatua galerita,-34.3996706,150.8500421,10-29-2017,09:51:00,52
S40183655,Australian King-Parrot,Alisterus scapularis,-34.7321883,150.5242233,10-29-2017,06:29:00,NA
S40183880,Crimson Rosella,Platycercus elegans,-34.14377,151.02699,10-29-2017,11:33:00,26
S40183623,Crimson Rosella,Platycercus elegans,-34.647,150.4823,10-29-2017,05:20:00,49
S40183696,Rainbow Lorikeet,Trichoglossus haematodus,-34.8618379,150.7471537,10-29-2017,07:10:00,53
S40183895,Rainbow Lorikeet (Rainbow),Trichoglossus haematodus,-33.9378058,151.2056923,10-29-2017,13:50:00,24
S40183695,Rainbow Lorikeet (Rainbow),Trichoglossus haematodus,-34.8568417,150.606895,10-29-2017,06:55:00,NA
S40183623,Superb Lyrebird,Menura novaehollandiae,-34.647,150.4823,10-29-2017,05:20:00,49
S40183875,Superb Lyrebird,Menura novaehollandiae,-34.3996706,150.8500421,10-29-2017,09:51:00,52
S40183875,Green Catbird,Ailuroedus crassirostris,-34.3996706,150.8500421,10-29-2017,09:51:00,52
S40183623,Satin Bowerbird,Ptilonorhynchus violaceus,-34.647,150.4823,10-29-2017,05:20:00,49
S40183875,Satin Bowerbird,Ptilonorhynchus violaceus,-34.3996706,150.8500421,10-29-2017,09:51:00,52
S40183880,White-throated Treecreeper,Cormobates leucophaea,-34.14377,151.02699,10-29-2017,11:33:00,26
S40183880,Variegated Fairywren,Malurus lamberti,-34.14377,151.02699,10-29-2017,11:33:00,26
S40183896,Superb Fairywren,Malurus cyaneus,-33.9412371,151.2646124,10-29-2017,14:29:00,31
S40183869,Superb Fairywren,Malurus cyaneus,-34.6220167,150.83106,10-29-2017,08:43:00,13
S40183696,Superb Fairywren,Malurus cyaneus,-34.8618379,150.7471537,10-29-2017,07:10:00,53
S40183696,Eastern Spinebill,Acanthorhynchus tenuirostris,-34.8618379,150.7471537,10-29-2017,07:10:00,53
S40183880,Eastern Spinebill,Acanthorhynchus tenuirostris,-34.14377,151.02699,10-29-2017,11:33:00,26
S40183623,Eastern Spinebill,Acanthorhynchus tenuirostris,-34.647,150.4823,10-29-2017,05:20:00,49
S40183875,Eastern Spinebill,Acanthorhynchus tenuirostris,-34.3996706,150.8500421,10-29-2017,09:51:00,52
S40183869,Lewin's Honeyeater,Meliphaga lewinii,-34.6220167,150.83106,10-29-2017,08:43:00,13
S40183875,Lewin's Honeyeater,Meliphaga lewinii,-34.3996706,150.8500421,10-29-2017,09:51:00,52
S40183869,Yellow-faced Honeyeater,Caligavis chrysops,-34.6220167,150.83106,10-29-2017,08:43:00,13
S40183875,Yellow-faced Honeyeater,Caligavis chrysops,-34.3996706,150.8500421,10-29-2017,09:51:00,52
S40183892,Noisy Miner,Manorina melanocephala,-34.07484,151.05583,10-29-2017,12:39:00,5
S40183696,Little Wattlebird,Anthochaera chrysoptera,-34.8618379,150.7471537,10-29-2017,07:10:00,53
S40183895,Red Wattlebird,Anthochaera carunculata,-33.9378058,151.2056923,10-29-2017,13:50:00,24
S40183696,Red Wattlebird,Anthochaera carunculata,-34.8618379,150.7471537,10-29-2017,07:10:00,53
S40183623,Red Wattlebird,Anthochaera carunculata,-34.647,150.4823,10-29-2017,05:20:00,49
S40183652,Scarlet Myzomela,Myzomela sanguinolenta,-34.7257498,150.5212747,10-29-2017,06:26:00,NA
S40183887,Tawny-crowned Honeyeater,Gliciphila melanops,-34.08929,151.07261,10-29-2017,12:25:00,9
S40183895,New Holland Honeyeater,Phylidonyris novaehollandiae,-33.9378058,151.2056923,10-29-2017,13:50:00,24
S40183696,New Holland Honeyeater,Phylidonyris novaehollandiae,-34.8618379,150.7471537,10-29-2017,07:10:00,53
S40183887,New Holland Honeyeater,Phylidonyris novaehollandiae,-34.08929,151.07261,10-29-2017,12:25:00,9
S40183623,Brown-headed Honeyeater,Melithreptus brevirostris,-34.647,150.4823,10-29-2017,05:20:00,49
S40183623,Noisy Friarbird,Philemon corniculatus,-34.647,150.4823,10-29-2017,05:20:00,49
S40183875,Noisy Friarbird,Philemon corniculatus,-34.3996706,150.8500421,10-29-2017,09:51:00,52
S40183895,Spotted Pardalote,Pardalotus punctatus,-33.9378058,151.2056923,10-29-2017,13:50:00,24
S40183696,Spotted Pardalote,Pardalotus punctatus,-34.8618379,150.7471537,10-29-2017,07:10:00,53
S40183887,Spotted Pardalote,Pardalotus punctatus,-34.08929,151.07261,10-29-2017,12:25:00,9
S40183623,Spotted Pardalote,Pardalotus punctatus,-34.647,150.4823,10-29-2017,05:20:00,49
S40183875,Yellow-throated Scrubwren,Sericornis citreogularis,-34.3996706,150.8500421,10-29-2017,09:51:00,52
S40183696,White-browed Scrubwren,Sericornis frontalis,-34.8618379,150.7471537,10-29-2017,07:10:00,53
S40183887,White-browed Scrubwren,Sericornis frontalis,-34.08929,151.07261,10-29-2017,12:25:00,9
S40183623,White-browed Scrubwren,Sericornis frontalis,-34.647,150.4823,10-29-2017,05:20:00,49
S40183875,White-browed Scrubwren,Sericornis frontalis,-34.3996706,150.8500421,10-29-2017,09:51:00,52
S40183696,Brown Thornbill,Acanthiza pusilla,-34.8618379,150.7471537,10-29-2017,07:10:00,53
S40183880,Brown Thornbill,Acanthiza pusilla,-34.14377,151.02699,10-29-2017,11:33:00,26
S40183623,Brown Thornbill,Acanthiza pusilla,-34.647,150.4823,10-29-2017,05:20:00,49
S40183875,Brown Thornbill,Acanthiza pusilla,-34.3996706,150.8500421,10-29-2017,09:51:00,52
S40183869,Yellow-rumped Thornbill,Acanthiza chrysorrhoa,-34.6220167,150.83106,10-29-2017,08:43:00,13
S40183869,Yellow Thornbill,Acanthiza nana,-34.6220167,150.83106,10-29-2017,08:43:00,13
S40183623,Striated Thornbill,Acanthiza lineata,-34.647,150.4823,10-29-2017,05:20:00,49
S40183875,Striated Thornbill,Acanthiza lineata,-34.3996706,150.8500421,10-29-2017,09:51:00,52
S40183880,Brown Gerygone,Gerygone mouki,-34.14377,151.02699,10-29-2017,11:33:00,26
S40183623,Brown Gerygone,Gerygone mouki,-34.647,150.4823,10-29-2017,05:20:00,49
S40183875,Brown Gerygone,Gerygone mouki,-34.3996706,150.8500421,10-29-2017,09:51:00,52
S40183696,Eastern Whipbird,Psophodes olivaceus,-34.8618379,150.7471537,10-29-2017,07:10:00,53
S40183623,Eastern Whipbird,Psophodes olivaceus,-34.647,150.4823,10-29-2017,05:20:00,49
S40183875,Eastern Whipbird,Psophodes olivaceus,-34.3996706,150.8500421,10-29-2017,09:51:00,52
S40183895,Australian Magpie (Black-backed),Gymnorhina tibicen,-33.9378058,151.2056923,10-29-2017,13:50:00,24
S40183630,Australian Magpie (Black-backed),Gymnorhina tibicen,-34.6918083,150.5269867,10-29-2017,06:21:00,5
S40183696,Australian Magpie (Black-backed),Gymnorhina tibicen,-34.8618379,150.7471537,10-29-2017,07:10:00,53
S40183623,Australian Magpie (Black-backed),Gymnorhina tibicen,-34.647,150.4823,10-29-2017,05:20:00,49
S40183895,Pied Currawong,Strepera graculina,-33.9378058,151.2056923,10-29-2017,13:50:00,24
S40183630,Pied Currawong,Strepera graculina,-34.6918083,150.5269867,10-29-2017,06:21:00,5
S40183696,Pied Currawong,Strepera graculina,-34.8618379,150.7471537,10-29-2017,07:10:00,53
S40183880,Pied Currawong,Strepera graculina,-34.14377,151.02699,10-29-2017,11:33:00,26
S40183623,Pied Currawong,Strepera graculina,-34.647,150.4823,10-29-2017,05:20:00,49
S40183875,Pied Currawong,Strepera graculina,-34.3996706,150.8500421,10-29-2017,09:51:00,52
S40183895,Black-faced Cuckooshrike,Coracina novaehollandiae,-33.9378058,151.2056923,10-29-2017,13:50:00,24
S40183869,Black-faced Cuckooshrike,Coracina novaehollandiae,-34.6220167,150.83106,10-29-2017,08:43:00,13
S40183880,Black-faced Cuckooshrike,Coracina novaehollandiae,-34.14377,151.02699,10-29-2017,11:33:00,26
S40183880,Gray Shrikethrush,Colluricincla harmonica,-34.14377,151.02699,10-29-2017,11:33:00,26
S40183623,Gray Shrikethrush,Colluricincla harmonica,-34.647,150.4823,10-29-2017,05:20:00,49
S40183875,Gray Shrikethrush,Colluricincla harmonica,-34.3996706,150.8500421,10-29-2017,09:51:00,52
S40183880,Golden Whistler,Pachycephala pectoralis,-34.14377,151.02699,10-29-2017,11:33:00,26
S40183623,Golden Whistler,Pachycephala pectoralis,-34.647,150.4823,10-29-2017,05:20:00,49
S40183867,Olive-backed Oriole,Oriolus sagittatus,-34.774205,150.70248,10-29-2017,08:18:00,NA
S40183880,Olive-backed Oriole,Oriolus sagittatus,-34.14377,151.02699,10-29-2017,11:33:00,26
S40183866,Australasian Figbird,Sphecotheres vieilloti,-34.8085379,150.7089499,10-29-2017,08:14:00,NA
S40183895,Willie-wagtail,Rhipidura leucophrys,-33.9378058,151.2056923,10-29-2017,13:50:00,24
S40183869,Willie-wagtail,Rhipidura leucophrys,-34.6220167,150.83106,10-29-2017,08:43:00,13
S40183869,Gray Fantail,Rhipidura albiscapa,-34.6220167,150.83106,10-29-2017,08:43:00,13
S40183696,Gray Fantail,Rhipidura albiscapa,-34.8618379,150.7471537,10-29-2017,07:10:00,53
S40183880,Gray Fantail,Rhipidura albiscapa,-34.14377,151.02699,10-29-2017,11:33:00,26
S40183623,Gray Fantail,Rhipidura albiscapa,-34.647,150.4823,10-29-2017,05:20:00,49
S40183875,Gray Fantail,Rhipidura albiscapa,-34.3996706,150.8500421,10-29-2017,09:51:00,52
S40183880,Black-faced Monarch,Monarcha melanopsis,-34.14377,151.02699,10-29-2017,11:33:00,26
S40183875,Black-faced Monarch,Monarcha melanopsis,-34.3996706,150.8500421,10-29-2017,09:51:00,52
S40183895,Magpie-lark,Grallina cyanoleuca,-33.9378058,151.2056923,10-29-2017,13:50:00,24
S40183869,Magpie-lark,Grallina cyanoleuca,-34.6220167,150.83106,10-29-2017,08:43:00,13
S40183630,Magpie-lark,Grallina cyanoleuca,-34.6918083,150.5269867,10-29-2017,06:21:00,5
S40183892,Magpie-lark,Grallina cyanoleuca,-34.07484,151.05583,10-29-2017,12:39:00,5
S40183872,Magpie-lark,Grallina cyanoleuca,-34.5444078,150.7841915,10-29-2017,09:07:00,5
S40183869,Australian Raven,Corvus coronoides,-34.6220167,150.83106,10-29-2017,08:43:00,13
S40183630,Australian Raven,Corvus coronoides,-34.6918083,150.5269867,10-29-2017,06:21:00,5
S40183887,Australian Raven,Corvus coronoides,-34.08929,151.07261,10-29-2017,12:25:00,9
S40183875,Australian Raven,Corvus coronoides,-34.3996706,150.8500421,10-29-2017,09:51:00,52
S40183696,Eastern Yellow Robin,Eopsaltria australis,-34.8618379,150.7471537,10-29-2017,07:10:00,53
S40183880,Eastern Yellow Robin,Eopsaltria australis,-34.14377,151.02699,10-29-2017,11:33:00,26
S40183623,Eastern Yellow Robin,Eopsaltria australis,-34.647,150.4823,10-29-2017,05:20:00,49
S40183875,Eastern Yellow Robin,Eopsaltria australis,-34.3996706,150.8500421,10-29-2017,09:51:00,52
S40183894,Eurasian Skylark,Alauda arvensis,-33.9532523,151.1950493,10-29-2017,13:34:00,8
S40183895,Welcome Swallow,Hirundo neoxena,-33.9378058,151.2056923,10-29-2017,13:50:00,24
S40183630,Welcome Swallow,Hirundo neoxena,-34.6918083,150.5269867,10-29-2017,06:21:00,5
S40183872,Welcome Swallow,Hirundo neoxena,-34.5444078,150.7841915,10-29-2017,09:07:00,5
S40183895,Fairy Martin,Petrochelidon ariel,-33.9378058,151.2056923,10-29-2017,13:50:00,24
S40183869,Red-whiskered Bulbul,Pycnonotus jocosus,-34.6220167,150.83106,10-29-2017,08:43:00,13
S40183869,Australian Reed Warbler,Acrocephalus australis,-34.6220167,150.83106,10-29-2017,08:43:00,13
S40183894,Brown Songlark,Megalurus cruralis,-33.9532523,151.1950493,10-29-2017,13:34:00,8
S40183895,Tawny Grassbird,Megalurus timoriensis,-33.9378058,151.2056923,10-29-2017,13:50:00,24
S40183895,Golden-headed Cisticola,Cisticola exilis,-33.9378058,151.2056923,10-29-2017,13:50:00,24
S40183895,Silver-eye,Zosterops lateralis,-33.9378058,151.2056923,10-29-2017,13:50:00,24
S40183869,Silver-eye,Zosterops lateralis,-34.6220167,150.83106,10-29-2017,08:43:00,13
S40183623,Silver-eye,Zosterops lateralis,-34.647,150.4823,10-29-2017,05:20:00,49
S40183875,Bassian Thrush,Zoothera lunulata,-34.3996706,150.8500421,10-29-2017,09:51:00,52
S40183895,European Starling,Sturnus vulgaris,-33.9378058,151.2056923,10-29-2017,13:50:00,24
S40183896,European Starling,Sturnus vulgaris,-33.9412371,151.2646124,10-29-2017,14:29:00,31
S40183895,Common Myna,Acridotheres tristis,-33.9378058,151.2056923,10-29-2017,13:50:00,24
S40183896,Common Myna,Acridotheres tristis,-33.9412371,151.2646124,10-29-2017,14:29:00,31
S40183666,Common Myna,Acridotheres tristis,-34.8535349,150.5974756,10-29-2017,06:52:00,NA
S40183875,Mistletoebird,Dicaeum hirundinaceum,-34.3996706,150.8500421,10-29-2017,09:51:00,52
S40183869,European Goldfinch,Carduelis carduelis,-34.6220167,150.83106,10-29-2017,08:43:00,13
S40183887,Beautiful Firetail,Stagonopleura bella,-34.08929,151.07261,10-29-2017,12:25:00,9
S40183869,Red-browed Firetail,Neochmia temporalis,-34.6220167,150.83106,10-29-2017,08:43:00,13
S40183875,Red-browed Firetail,Neochmia temporalis,-34.3996706,150.8500421,10-29-2017,09:51:00,52
